Pred_data,True_data
0.6199540094334036,0.622516297
0.6307621380147056,0.640488565
0.6463963204481092,0.661866679
0.6572044490294112,0.663908366
0.6728386314628149,0.677746261
0.6836467600441168,0.755613373
0.6992809424775205,0.80834645
0.7100890710588225,0.851937424
0.7257232534922261,0.923263634
0.7365313820735281,0.945474371
0.7521655645069317,0.99154204
