Pred_data,True_data
0.7251606325080536,0.7312506
0.735426662546313,0.750699349
0.7502792880543666,0.784601904
0.7605453180926259,0.789348288
0.7753979436006796,0.840830511
0.7856639736389389,0.876306766
0.8005165991469926,0.89500119
0.8107826291852519,0.903788233
0.8256352546933056,0.91532525
0.8359012847315649,0.958531794
0.8507539102396185,0.963699444
0.8610199402778779,0.991846158
