Pred_data,True_data
0.9223843504038097,0.90182587
0.9518730942333,0.921651802
0.9922614231871008,0.927587761
1.0217501670165912,0.939641616
1.062138495970392,0.977052725
1.0916272397998823,0.983764402
1.1320155687536828,0.996605806
