Pred_data,True_data
0.7633923212250036,0.755640323
0.779762326984867,0.757244902
0.7921907899957776,0.762419223
0.8063317126313738,0.764085991
0.8178284564791118,0.775598376
0.8311108622299239,0.790329766
0.8429613351419455,0.792746748
0.8567073614944435,0.818384418
0.8686564425446465,0.869795777
0.8824749396115064,0.886668325
0.894355475522433,0.920199962
0.9080917157090475,0.933763993
0.9199659705596605,0.958447538
0.9337018528015019,0.961710271
0.9455876769423514,0.982884437
