Pred_data,True_data
0.634363648060964,0.716684121
0.6821133289917642,0.723132579
0.7041705670527283,0.821556106
0.7519202479835285,0.836429961
