Pred_data,True_data
0.7035010211845467,0.694986515
0.7242247548759325,0.791984633
0.7432248960604793,0.812146749
0.7639486297518651,0.814814406
0.7829487709364118,0.82673672
0.8036725046277976,0.830095225
0.8226726458123443,0.86623633
0.8433963795037301,0.876726249
0.8623965206882769,0.935081626
