Pred_data,True_data
0.7414706741831677,0.75941426
0.770591556093405,0.76317439
0.784965202010123,0.769174315
0.8140860839203604,0.793224848
0.8284597298370785,0.812716733
0.8575806117473159,0.821427063
0.871954257664034,0.893526552
0.9010751395742714,0.949795691
0.9154487854909895,0.986298355
