Pred_data,True_data
0.6121297679829285,0.639138215
0.6286065118113221,0.664653004
0.6413688827397548,0.668878676
0.6578456265681484,0.682290943
0.6706079974965811,0.752450996
0.6870847413249747,0.762773777
0.6998471122534073,0.769894705
0.7163238560818009,0.776498864
0.7290862270102336,0.853971923
0.7455629708386272,0.86927038
0.7583253417670599,0.931225405
