Pred_data,True_data
0.8016722261754542,0.817409013
0.8234565286850971,0.821235544
0.8488831888605513,0.828199496
0.8706674913701942,0.859690934
0.8960941515456483,0.879571741
0.9178784540552912,0.904822578
0.9433051142307454,0.952307334
0.9650894167403883,0.980723132
