Pred_data,True_data
0.7544035919479275,0.753864774
0.7717798838199964,0.757567913
0.7871777535915051,0.783449924
0.8045456434243718,0.794291356
0.819943038756692,0.797472823
0.8373109017993311,0.817589214
0.8527082956188835,0.820339774
0.8700761585761009,0.82969729
0.8854735523908299,0.903125035
0.902841415347775,0.912096099
0.9182388091624885,0.949142025
0.9356066721194326,0.954859925
