Pred_data,True_data
0.6527557496835918,0.804072388
0.6629642972771487,0.8098394
0.6761797338244279,0.830021644
0.6833548941360892,0.855967429
0.6970785207215277,0.902575646
0.7034574199348272,0.924237306
0.7154426476780297,0.986005929
0.7204265623407272,0.999009517
