Pred_data,True_data
0.7522053132931329,0.753065258
0.7671602290209083,0.759724834
0.7824581015673179,0.771400781
0.8006802083242897,0.83497142
0.8141840973776299,0.837476776
0.8354428930067356,0.869609623
0.8522254163094231,0.882608835
0.8729826561794707,0.897323258
0.888961569712286,0.901416605
0.9081828916618845,0.915724171
0.9210716498716839,0.924857362
0.9405242696168333,0.980902637
