Pred_data,True_data
0.6005492433868226,0.580604615
0.6283863541414902,0.711379415
0.6671352525283128,0.744506254
0.6949723632829805,0.83923098
