Pred_data,True_data
0.7202693875359975,0.697241446
0.7633350602791151,0.719194653
0.7930128088151127,0.739166849
0.8360784815582304,0.956496495
0.8657562300942279,0.98254467
