Pred_data,True_data
0.851644541795856,0.816654984
0.9131017006318545,0.904987257
0.9702025381121254,0.906264373
1.0393278897861693,0.914763831
1.1020524812892207,0.971197421
1.176069003241426,0.998350028
