Pred_data,True_data
0.7190813095074602,0.761035191
0.7358788788802,0.773773739
0.7555941477480962,0.876184147
0.7723917171208359,0.889914964
0.792106985988732,0.896914412
0.8089045553614717,0.901623532
0.8286198242293679,0.948677598
0.8454173936021075,0.949532517
0.8651326624700038,0.956251357
0.8819302318427434,0.986806327
