Pred_data,True_data
0.826384461758579,0.78655976
0.8356661678228798,0.79327415
0.9122248010789163,0.846662563
0.9460558715565648,0.905603111
