Pred_data,True_data
0.6695701662709839,0.741851261
0.6995989629618294,0.769643423
0.7169122443288434,0.782517126
0.7408422837859905,0.818393001
0.7581555651530044,0.847798352
0.7820856046101515,0.855891574
0.7993988859771655,0.881417141
0.8233289254343126,0.902755875
