Pred_data,True_data
0.720386096808411,0.714629788
0.739580923243212,0.716507451
0.7519024480404641,0.716874665
0.7556415933289371,0.720053292
0.77952244773644,0.730323028
0.7853693546467213,0.768157064
0.8024025884641872,0.786990659
0.8105261459467297,0.80386892
0.8364877809745923,0.821042659
0.8448952346478091,0.905969096
0.8631426723243762,0.924646873
0.8742812450630182,0.972448896
