Pred_data,True_data
0.7402629809733762,0.716564492
0.7756309950173338,0.729507565
0.80905822499071,0.76402607
0.8444262390346676,0.785870219
0.8778534690080438,0.862664389
0.9132214830520015,0.911540604
