Pred_data,True_data
0.842529226278821,0.830858457
0.854646826954049,0.843206374
0.8667755002351061,0.856455984
0.8780515299125702,0.874883268
0.8893386321958633,0.914244221
0.8997730908755635,0.92874662
0.9102186221610925,0.965123125
0.9198115098430286,0.966751294
0.9294154701307937,0.967526364
0.9381667868149659,0.973961465
0.9469291761049671,0.976968958
