Pred_data,True_data
0.7044243305039032,0.700668995
0.7100989409481331,0.703592123
0.7150693334520363,0.738394056
0.7207439438962662,0.746702767
0.7257143364001694,0.774669962
0.7313889468443993,0.774740735
0.7363593393483024,0.807804431
0.7420339497925323,0.8379718
0.7470043422964355,0.848318986
0.7526789527406654,0.874300478
0.7576493452445686,0.91777296
0.7633239556887985,0.987053607
