Pred_data,True_data
0.7302365494094067,0.792558921
0.7490015147065635,0.796132654
0.7637537611159703,0.803813165
0.782518726413127,0.835939595
0.7972709728225338,0.888656205
0.8160359381196906,0.903549974
0.8307881845290973,0.93779173
0.8495531498262541,0.958525616
0.8643053962356608,0.961853987
0.8830703615328176,0.962592368
0.8978226079422243,0.998549196
