Pred_data,True_data
0.8089333605585232,0.794426165
0.8370689938078679,0.811734266
0.8641790673663909,0.82752708
0.8923147006157357,0.887847406
0.9194247741742587,0.917387608
0.9475604074236035,0.949337731
0.9746704809821265,0.989954712
1.0028061142314713,0.990992764
