Pred_data,True_data
0.7550095644296054,0.729959018
0.787015603189767,0.758647746
0.808501596077436,0.784869352
0.8393672047106614,0.814494652
0.860701689397031,0.826551607
0.8915471698921804,0.889950841
0.9128789805190671,0.906903796
0.9437241057605865,0.959541447
