Pred_data,True_data
0.7355229768271085,0.74681875
0.7484729195903339,0.760477003
0.7575577196450479,0.779040642
0.7784417425038119,0.782988453
0.7886875936199649,0.816040537
0.8099497071713125,0.819663994
0.8207261219482348,0.823089394
0.8392914807469078,0.864991061
0.8498153045715043,0.875016938
0.8674402480250346,0.895897513
0.8777006136706784,0.9074832
0.895999449890831,0.948070085
0.9062704868866354,0.982355383
