Pred_data,True_data
0.7120697443936689,0.701475387
0.7228459299772292,0.707961763
0.7352330243708981,0.710374532
0.7460092099544584,0.730120056
0.7583963043481273,0.732553294
0.7691724899316876,0.748568575
0.7815595843253565,0.812102058
0.7923357699089169,0.868249837
0.8047228643025858,0.879587009
0.8154990498861461,0.93263012
0.827886144279815,0.945610813
0.8386623298633753,0.964822451
0.8510494242570442,0.975052232
0.8618256098406045,0.991766509
