Pred_data,True_data
0.8769528312737243,0.866438844
0.9019827569214034,0.895869775
0.9263440301951277,0.896685013
0.9513739558428068,0.897957376
0.9757352291165311,0.906713655
1.0007651547642102,0.920056378
1.0251264280379344,0.920653127
1.0501563536856136,0.952236869
1.0745176269593377,0.963757655
