Pred_data,True_data
0.6772197333594172,0.658172924
0.6976982279740529,0.700769891
0.7271546313334701,0.715013579
0.7476331259481057,0.729470404
0.777089529307523,0.860814915
0.7975680239221585,0.86899986
0.8270244272815758,0.891860658
0.8475029218962113,0.931837234
0.8769593252556286,0.983929448
