Pred_data,True_data
0.7182071699011843,0.727204049
0.7463403974404501,0.820269684
0.7856858763416343,0.843797776
0.8138191038809002,0.891077236
0.8531645827820844,0.931739687
0.8812978103213502,0.997594813
