Pred_data,True_data
0.7568723766202564,0.749842428
0.7786402365882121,0.768015037
0.7959271701881817,0.771872995
0.8156679705729424,0.773297902
0.832954904172912,0.777955348
0.8526957045576725,0.828495319
0.8699826381576421,0.834560397
0.8897234385424027,0.840077011
0.9070103721423722,0.956053168
0.9267511725271328,0.966728798
0.9440381061271024,0.987280517
