Pred_data,True_data
0.8615555747126245,0.824171811
0.9271344430906515,0.83965109
0.9740029090978035,0.857784211
1.043312609318249,0.868821327
1.0939119071678194,0.955718928
1.1669524392306834,0.973169407
1.2212825689226723,0.976527641
