Pred_data,True_data
0.7963992121807848,0.7857609
0.8051227621182102,0.789520218
0.8233947099447999,0.806902009
0.8346303045758444,0.815516196
0.8549898468894322,0.823705614
0.8656162669100828,0.827489509
0.8861210337994715,0.827739807
0.8967128329133134,0.835666793
0.9172258532762042,0.860413619
0.9278156847978849,0.86735254
0.9483291742261833,0.940913312
0.9589188939247124,0.998447434
