Pred_data,True_data
0.8671149606512187,0.813720875
0.9017086220723753,0.814941904
0.9561053150545613,0.821743694
0.9906989764757179,0.855151641
1.0450956694579039,0.975553336
