Pred_data,True_data
0.7867346724744363,0.772959058
0.8053629899369225,0.784074377
0.8227662514113587,0.821173268
0.8413945688738449,0.853633393
0.8587978303482812,0.858010835
0.8774261478107673,0.884077897
0.8948294092852036,0.884798834
0.9134577267476898,0.894697393
0.930860988222126,0.89629303
0.9494893056846122,0.898091496
0.9668925671590485,0.91636848
0.9855208846215346,0.952274756
1.002924146095971,0.952628488
