Pred_data,True_data
0.8576781166196109,0.8367498
0.876187439395724,0.847612381
0.8972981967780455,0.852353204
0.9158075195541586,0.862125946
0.9369182769364801,0.863707769
0.9554275997125933,0.933702131
0.9765383570949148,0.94426847
0.9950476798710279,0.959186123
1.0161584372533494,0.984582606
1.0346677600294625,0.984633828
1.055778517411784,0.985430221
