Pred_data,True_data
0.7279059633593464,0.741265956
0.7458714302558634,0.758385248
0.7741857166672392,0.789892035
0.8000107673647742,0.793469659
0.82832505377615,0.834217083
0.854150104473685,0.85206455
