Pred_data,True_data
0.7020457138700438,0.70297425
0.7147608576018278,0.712791826
0.7326080509674512,0.7232723
0.7432745358043814,0.728563239
0.7596335995429587,0.764667883
0.7708740776013063,0.791293609
0.7876500854786374,0.812937631
0.7987297421239812,0.84514578
0.8153889305981624,0.87073648
0.8265136461848238,0.904041352
0.8432055651177977,0.929796489
0.8543176560908908,0.963320992
0.8710004046043635,0.968593
