Pred_data,True_data
0.8116792970044321,0.799481188
0.8316847480381567,0.800383503
0.8499485755105004,0.863907396
0.8708873253637843,0.867229848
0.88935476125551,0.891973387
0.9103379303104199,0.892745451
0.9288150566927404,0.953071666
0.9498003398245479,0.979686727
0.9682779274137688,0.985579407
0.9892633111624485,0.993300125
