Pred_data,True_data
0.7102544171057824,0.751078347
0.7340930157975191,0.789318456
0.7514789921353953,0.814955489
0.7731219950688666,0.843090606
0.7901778393125505,0.87672821
0.8120835089192279,0.904268397
0.8291788480009636,0.915899917
0.8510530938899766,0.921204515
0.8681437080683777,0.980461303
