Pred_data,True_data
0.7294135523417764,0.72046673
0.7481818932776467,0.726592902
0.758546278619423,0.728002296
0.7773146195552935,0.743162343
0.7876790048970698,0.747502917
0.8064473458329402,0.758307997
0.8168117311747165,0.817757962
0.8355800721105869,0.821885502
0.8459444574523632,0.871522693
0.8647127983882337,0.889114632
0.87507718373001,0.906137986
0.8938455246658804,0.917704778
0.9042099100076567,0.952371184
