Pred_data,True_data
0.7251279316715732,0.713502366
0.7396367042851767,0.732568088
0.7532376706049471,0.746670874
0.767714849488938,0.761259064
0.7813243858971065,0.785061893
0.7957992400661601,0.883951421
0.8094094070745381,0.902364088
0.8238840901875119,0.912994452
0.8374943035964176,0.916191384
0.8519689741228235,0.929613853
0.8655791909459509,0.965448153
0.8800538605462177,0.992022806
