Pred_data,True_data
0.6801752381516191,0.706898431
0.7030139914464955,0.717266517
0.7227089373390638,0.73826038
0.7453569204295311,0.763132524
0.7651096905324621,0.773665321
0.78774014657087,0.783770945
0.8074982292851098,0.926370551
0.8301270750219779,0.994419713
