Pred_data,True_data
0.7919614069940055,0.800669624
0.8124440324269138,0.812740588
0.8286828584209193,0.815258487
0.8491654838538274,0.825805951
0.8654043098478329,0.836204653
0.885886935280741,0.854376632
0.9021257612747465,0.890371734
0.9226083867076547,0.935375812
0.9388472127016602,0.940992106
0.9593298381345683,0.946850574
