Pred_data,True_data
0.7483885086688368,0.743943642
0.777557061314982,0.77622715
0.7986066759838188,0.809770274
0.8277752286299641,0.871606662
0.8488248432988009,0.970710732
0.8779933959449462,0.976457959
0.899043010613783,0.976551707
