Pred_data,True_data
0.5321167287674891,0.527674943
0.5405553895775279,0.530547244
0.550774634299451,0.54661806
0.556167157167299,0.547522064
0.5665488691521655,0.560720014
0.5730354036690414,0.570226868
0.5825252242372065,0.655044905
0.5896678043809042,0.679594457
0.5990060977935996,0.72824643
0.6060597096971967,0.739462963
0.6155241252425682,0.743159575
0.622456944259921,0.768990446
0.6319640195779317,0.833188199
0.6388946447589612,0.864479642
