Pred_data,True_data
0.73660886,0.730120056
0.74617064,0.732553294
0.754543,0.748568575
0.76675016,0.812102058
0.79220355,0.868249837
0.8321133,0.879587009
0.8702703,0.9326301199999999
0.90230745,0.9456108130000002
0.9228747,0.9648224510000001
0.94424856,0.9750522320000001
0.9546646,0.991766509
