Pred_data,True_data
0.7690619,0.788024858
0.7771536,0.792434961
0.7879345,0.81130603
0.8009042,0.817377512
0.809952,0.829189452
0.8212067,0.839116327
0.82924485,0.851827965
0.8392558,0.856062166
0.8477181,0.860376935
0.85445416,0.879955746
0.8611983,0.884799997
0.8698135,0.894744653
0.8801351,0.89777945
0.8854851,0.919955509
0.8941249,0.926830475
0.9032162,0.948695275
0.9169652,0.949455242
0.925921,0.975437055
0.93822664,0.975471936
0.94600594,0.980571508
0.9555021,0.9989995470000002
