Pred_data,True_data
0.81511337,0.821353062
0.8190077,0.829855812
0.8245634,0.846735255
0.8341305,0.848381899
0.8413449,0.864039507
0.84958476,0.865324122
0.8542606,0.881021783
0.8620501,0.886204504
0.86724555,0.888668895
0.8739955,0.898571391
0.8778398,0.902207899
0.881723,0.911050957
0.8872299,0.918831191
0.8918835,0.964134776
0.9038641,0.965371064
0.91820854,0.972223106
0.93431276,0.989358185
0.9392128,0.990888246
0.94609827,0.992940191
0.9523745,0.9987719320000001
