Pred_data,True_data
0.82246244,0.830909602
0.8304962,0.839215968
0.8387713,0.841431088
0.8430079,0.856735384
0.8510961,0.872768202
0.8617489,0.881682076
0.87289035,0.889725973
0.8817716,0.898226937
0.8889478,0.900817781
0.893932,0.913941405
0.90105814,0.916071987
0.90591544,0.916839553
0.90951264,0.923236937
0.91238713,0.938186071
0.9194119,0.943339174
0.92646456,0.946666074
0.9320002,0.957447127
0.9375598,0.961240086
0.9422962,0.981923773
