Pred_data,True_data
0.9116275,0.868821327
0.92365444,0.9557189280000001
0.94993097,0.973169407
0.9823507,0.976527641
