Pred_data,True_data
0.74744046,0.818393001
0.76222306,0.847798352
0.77750427,0.855891574
0.79204226,0.8814171409999999
0.80386895,0.902755875
