Pred_data,True_data
0.6931206,0.83923098
