Pred_data,True_data
0.80736136,0.794291356
0.8171647,0.797472823
0.82317877,0.817589214
0.83826834,0.820339774
0.8416944,0.82969729
0.85008395,0.903125035
0.8983267,0.912096099
0.90777236,0.949142025
0.9346651,0.9548599250000002
