Pred_data,True_data
0.8180093,0.814826304
0.8244026,0.836569101
0.83646876,0.853598289
0.85460204,0.858130438
0.868099,0.864741092
0.8765872,0.883387549
0.88457894,0.898712445
0.89643836,0.903835202
0.9087967,0.924846556
0.9205126,0.92512571
0.9293021,0.935214356
0.93872124,0.944017238
0.9443531,0.952689829
0.9527604,0.966981822
0.9620769,0.971265069
0.9708839,0.9832164499999999
0.9799877,0.983647511
0.98563796,0.987177613
0.99060065,0.9974546019999999
