Pred_data,True_data
0.82692945,0.815516196
0.8362789,0.823705614
0.8472864,0.827489509
0.8539897,0.827739807
0.85820377,0.835666793
0.86146975,0.860413619
0.8699828,0.86735254
0.8826348,0.940913312
0.9100215,0.998447434
