Pred_data,True_data
0.8289255,0.835457042
0.8360115,0.849038893
0.84465104,0.854759475
0.8526384,0.864566516
0.86262006,0.867607091
0.8692704,0.87164578
0.8754302,0.885942763
0.88164,0.892974758
0.8903022,0.905319774
0.90196127,0.912677989
0.91134655,0.919134567
0.9209487,0.923322263
0.92754555,0.929261154
0.9333493,0.932955421
0.93828934,0.935500049
0.9428541,0.937630899
0.9459236,0.959225396
0.9531659,0.967488902
0.9642497,0.967970071
0.97674274,0.9763870069999999
0.982539,0.9896600479999998
