Pred_data,True_data
0.8607932,0.852927393
0.8650042,0.854341834
0.86789036,0.860941868
0.8708896,0.867152196
0.8759216,0.870281835
0.88121635,0.881694531
0.88838124,0.883606176
0.8940094,0.888148034
0.8997523,0.894121333
0.90412074,0.90737135
0.91233546,0.909824119
0.9196088,0.91937965
0.9278464,0.922500876
0.9330212,0.924492689
0.93764895,0.933188203
0.94240206,0.934799626
0.94659007,0.937953753
0.95084566,0.943252191
0.9543261,0.966359443
