Pred_data,True_data
0.79116374,0.83497142
0.8140945,0.837476776
0.8378675,0.869609623
0.86542857,0.882608835
0.8788847,0.897323258
0.8952409,0.901416605
0.9039451,0.915724171
0.91258264,0.924857362
0.91985446,0.980902637
