Pred_data,True_data
0.7501428,0.768329375
0.75892204,0.770322153
0.7672625,0.783168773
0.77121717,0.787945766
0.77640766,0.789695865
0.7819838,0.795631533
0.78514624,0.802362847
0.7887323,0.830422553
0.79831874,0.859985743
0.81375176,0.893637351
0.83616465,0.899558248
0.8550129,0.914895047
0.86945564,0.930445389
0.8783313,0.937268833
0.8884594,0.9703232450000001
0.9012823,0.979480775
0.91427267,0.9883778790000001
0.9285295,0.995929062
