Pred_data,True_data
0.8655551,0.874883268
0.878913,0.914244221
0.90221536,0.92874662
0.91997975,0.965123125
0.94437265,0.966751294
0.95452,0.967526364
0.9606037,0.973961465
0.963589,0.976968958
