Pred_data,True_data
0.7934124,0.835249069
0.80557036,0.839301854
0.8194028,0.841160124
0.8336683,0.86057832
0.83972555,0.86346207
0.84652865,0.887400254
0.8586049,0.907720349
0.87042665,0.909323453
0.88375217,0.930201303
0.89454836,0.932494276
0.90103465,0.940185773
0.90929747,0.944519564
0.9128096,0.957331159
0.91862786,0.959254645
0.92348915,0.987675881
0.9329529,0.9905403860000002
