Pred_data,True_data
0.7550027,0.742358201
0.7628271,0.750703748
0.7714028,0.757153518
0.77973276,0.767463694
0.788407,0.772314009
0.7956513,0.80381405
0.8122716,0.839829032
0.837516,0.858793211
0.865385,0.864187261
0.88319093,0.899137433
0.9030207,0.902792228
0.9169592,0.953324316
0.9458951,0.967470056
