Pred_data,True_data
0.79100883,0.782988453
0.79750854,0.816040537
0.82219595,0.819663994
0.82839394,0.823089394
0.8347947,0.864991061
0.86273503,0.875016938
0.8731047,0.895897513
0.89104354,0.9074832
0.9005433,0.948070085
0.928299,0.982355383
