Pred_data,True_data
0.74787533,0.763132524
0.7615549,0.773665321
0.7773127,0.783770945
0.7897566,0.926370551
0.8235834,0.9944197129999999
