Pred_data,True_data
0.8582558,0.855151641
0.8760774,0.975553336
