Pred_data,True_data
0.7843128,0.789348288
0.7955297,0.840830511
0.8341076,0.876306766
0.8620262,0.89500119
0.8830147,0.903788233
0.893439,0.91532525
0.90252334,0.9585317939999999
0.9284376,0.9636994440000001
0.93473744,0.991846158
