Pred_data,True_data
0.7274222,0.746702767
0.7330655,0.774669962
0.75363827,0.774740735
0.75328815,0.807804431
0.7765448,0.8379718
0.7958823,0.848318986
0.80336326,0.874300478
0.82098114,0.91777296
0.8471672,0.9870536070000001
