Pred_data,True_data
0.76629037,0.956496495
0.8651685,0.98254467
