Pred_data,True_data
0.76835984,0.723855683
0.7849145,0.726237277
0.79343456,0.729227918
0.7995769,0.747348272
0.8086081,0.770457488
0.82552403,0.789509599
0.8474417,0.807372539
0.8687095,0.81536662
0.8844279,0.845783736
0.90433145,0.851695987
0.9207257,0.930477439
0.9605969,0.938380288
0.994606,0.939495518
