Pred_data,True_data
0.8380707,0.82390747
0.8464734,0.834298965
0.8592824,0.84564621
0.87516135,0.851045642
0.8847934,0.866257679
0.89507776,0.892568076
0.9095473,0.914208226
0.9303642,0.928211566
0.9513746,0.937262829
0.9664625,0.959147477
0.9799896,0.963463233
0.9918306,0.977505358
1.0043516,0.988588087
