Pred_data,True_data
0.80194765,0.808991038
0.80849934,0.821176761
0.8146049,0.823242568
0.8221461,0.825701938
0.82839173,0.836303313
0.83219814,0.849247888
0.839433,0.851162597
0.84864193,0.86367538
0.857065,0.871699995
0.86368996,0.881908091
0.8735172,0.889642537
0.88173676,0.907028482
0.8918016,0.943318748
0.9075198,0.94400748
0.926601,0.945189855
0.9415258,0.953329756
0.9436532,0.9607578979999999
0.9480838,0.9758356750000001
0.9563663,0.978918117
0.9646264,0.986034199
0.9727394,0.996386863
