Pred_data,True_data
0.6782984,0.687741478
0.68933505,0.702236784
0.7053775,0.707425562
0.71128345,0.71537755
0.7203867,0.720513282
0.72587746,0.74140191
0.7452659,0.759350788
0.7621392,0.764646151
0.76940054,0.781828963
0.7856721,0.785778904
0.78912896,0.79941872
0.8018154,0.816121762
0.81460893,0.829279588
0.8253061,0.82942317
0.82624704,0.858837323
0.8492173,0.920949162
0.89065546,0.934003747
0.8977631,0.970866054
0.92501044,0.981999312
0.92888826,0.995507366
