Pred_data,True_data
0.86921823,0.853633393
0.90045726,0.858010835
0.92618585,0.884077897
0.9475128,0.884798834
0.9593915,0.894697393
0.9708311,0.89629303
0.9755354,0.898091496
0.9795809,0.91636848
0.9877787,0.952274756
1.008746,0.952628488
