Pred_data,True_data
0.55652934,0.547522064
0.5616178,0.560720014
0.5729571,0.570226868
0.5816696,0.655044905
0.6324768,0.679594457
0.6694269,0.72824643
0.7181623,0.739462963
0.74081516,0.743159575
0.7547966,0.768990446
0.7702252,0.8331881990000001
0.8054003,0.864479642
