Pred_data,True_data
0.7593231,0.754909082
0.7661143,0.759683322
0.7717293,0.764912745
0.77816945,0.786341912
0.79207456,0.800135982
0.8055981,0.805875476
0.81607354,0.821175459
0.8283366,0.826746687
0.83512855,0.83506268
0.8428274,0.845787227
0.8506476,0.864846374
0.86345166,0.870003798
0.87104994,0.879047084
0.8792509,0.89340356
0.8885528,0.908052494
0.89930975,0.98776931
0.94083774,0.990217397
