Pred_data,True_data
0.74266124,0.7934696589999999
0.7519908,0.834217083
0.76387405,0.8520645499999999
