Pred_data,True_data
0.67357695,0.663908366
0.6908288,0.677746261
0.70505375,0.755613373
0.7266357,0.80834645
0.774191,0.851937424
0.84546804,0.923263634
0.906012,0.945474371
0.9625112,0.9915420400000001
