Pred_data,True_data
0.7635138,0.761259064
0.7793428,0.785061893
0.79776996,0.883951421
0.8499129,0.902364088
0.89408356,0.912994452
0.9260252,0.916191384
0.9343131,0.929613853
0.94286543,0.9654481530000001
0.96154064,0.992022806
