Pred_data,True_data
0.62502563,0.649587986
0.64442396,0.686194209
0.6674801,0.700610371
0.6863404,0.718911209
0.7074066,0.718926506
0.7171214,0.725543939
0.72434783,0.73224998
0.72872853,0.737900027
0.7345341,0.763485176
0.74684113,0.783628043
0.7627019,0.788578665
0.7765679,0.788862618
0.7830049,0.830922639
0.7973723,0.831713944
0.80920297,0.836139585
0.8206108,0.89247257
0.83799875,0.904904845
0.85700274,0.9920509160000001
0.8941155,0.9923720119999999
