Pred_data,True_data
0.94777024,0.939641616
0.95691645,0.977052725
0.97574705,0.9837644020000001
0.9871818,0.9966058059999999
