Pred_data,True_data
0.56350917,0.552087312
0.5754576,0.565806752
0.58984554,0.565872199
0.6047859,0.620715403
0.6296059,0.63039821
0.66013664,0.651460674
0.696464,0.652316508
0.70944273,0.684001155
0.7281827,0.8479463740000001
0.7810203,0.848982638
