Pred_data,True_data
0.8767824,0.887847406
0.9116287,0.917387608
0.94157773,0.9493377310000001
0.9722076,0.989954712
1.000063,0.9909927640000001
