Pred_data,True_data
0.87869763,0.905603111
