Pred_data,True_data
0.84425795,0.808439625
0.8477412,0.856597346
0.86119485,0.876832611
0.8841977,0.90129354
0.91875964,0.903938014
0.93751496,0.909681903
0.95064193,0.916513122
0.9552697,0.923760578
0.96173924,0.924966431
0.96763134,0.938165999
0.9738649,0.942044101
0.97986716,0.955032263
0.98957473,0.972918218
0.9992574,0.975865035
1.0117266,0.988269206
1.022817,0.999986074
