Pred_data,True_data
0.79790145,0.785115827
0.8055891,0.785764064
0.8091103,0.801590212
0.81561166,0.813410555
0.82336754,0.876603018
0.84652567,0.888077061
0.8699915,0.924549847
0.8983233,0.925867915
0.9107381,0.939111713
0.92307943,0.945066844
0.9278165,0.9660555790000002
0.9367821,0.973627241
0.9445707,0.979661055
0.95239353,0.982633238
