Pred_data,True_data
0.7417264,0.720053292
0.74364185,0.730323028
0.7490138,0.768157064
0.7685613,0.786990659
0.78881544,0.80386892
0.80918145,0.821042659
0.8245865,0.905969096
0.86550075,0.9246468729999999
0.896191,0.972448896
