Pred_data,True_data
0.7759201,0.773845119
0.78179723,0.785331865
0.788107,0.83072505
0.7988834,0.833253499
0.817478,0.836038684
0.8380467,0.873398833
0.84456956,0.883291405
0.8572631,0.888254439
0.87594295,0.894760887
0.88203925,0.926570959
0.88941586,0.953213907
0.90317464,0.956709285
0.9225986,0.973851125
0.93542045,0.9779154400000001
0.9412536,0.9929507320000001
0.9501307,0.9960949570000001
