Pred_data,True_data
0.82684344,0.83402242
0.83702683,0.842628149
0.84798414,0.847526802
0.85836524,0.856408789
0.8659792,0.857635676
0.87119335,0.85943963
0.8751792,0.861632161
0.87697816,0.87158266
0.8817518,0.874868052
0.8871656,0.876179702
0.89207894,0.885288762
0.8967456,0.898823925
0.9050567,0.902546757
0.91420734,0.911142333
0.92294824,0.925237292
0.9320618,0.931423724
0.94207305,0.936513163
0.9506496,0.942374962
0.9564644,0.947971494
0.9621036,0.951298796
0.9671467,0.975615471
