Pred_data,True_data
0.8244948,0.823681526
0.83289295,0.824065375
0.8423993,0.83872644
0.855629,0.839991599
0.8608251,0.868039906
0.87324476,0.871792856
0.88348204,0.880559203
0.89626265,0.883828324
0.9010128,0.887782633
0.90587294,0.909841931
0.9133348,0.926386836
0.92506886,0.926974803
0.9371914,0.946679026
0.94697815,0.946694131
0.95280427,0.951251892
0.95989335,0.965773683
0.96428865,0.992052758
