Pred_data,True_data
0.8566457,0.855207618
0.8640783,0.871170054
0.8735284,0.877237046
0.8821636,0.886167059
0.89281625,0.890120557
0.89946747,0.891059025
0.9046978,0.892043227
0.90684986,0.908064658
0.9114426,0.91478848
0.9194543,0.915221995
0.9285075,0.915883302
0.9315219,0.92129536
0.9332573,0.921608395
0.9356496,0.937884813
0.94187057,0.941075617
0.9489632,0.948240983
0.95849985,0.952362172
0.96353465,0.955397322
0.9687558,0.966218332
0.9742078,0.990883737
0.9855129,0.9913809540000001
