Pred_data,True_data
0.8322182,0.820106111
0.8380271,0.831127081
0.84688854,0.848259731
0.85581964,0.854357863
0.86742103,0.896603431
0.88485116,0.900132275
0.90221965,0.918030409
0.92351544,0.926481144
0.93238604,0.931074659
0.9429494,0.94829513
0.9509209,0.962495673
0.9608117,0.9675370720000002
0.9727604,0.9745250689999999
0.98095196,0.988201127
