Pred_data,True_data
0.8977736,0.891077236
0.94980276,0.931739687
0.98668927,0.9975948129999999
