Pred_data,True_data
0.8003901,0.793224848
0.8156938,0.812716733
0.8342374,0.821427063
0.850263,0.893526552
0.88742036,0.949795691
0.9342239,0.986298355
