Pred_data,True_data
0.76788366,0.764085991
0.7693567,0.775598376
0.7784508,0.790329766
0.7893137,0.792746748
0.7925717,0.818384418
0.81232387,0.869795777
0.84746337,0.886668325
0.86093795,0.920199962
0.8859705,0.933763993
0.8939393,0.958447538
0.90967613,0.961710271
0.9106663,0.982884437
