Pred_data,True_data
0.8045811,0.814814406
0.8352221,0.82673672
0.84443754,0.830095225
0.8498202,0.86623633
0.8647483,0.876726249
0.87999576,0.935081626
