Pred_data,True_data
0.704889,0.717344195
0.7249756,0.746829044
0.7519861,0.768417618
0.77203876,0.775053737
0.7800913,0.777199283
0.7837197,0.790286641
0.79472536,0.90781059
0.88063306,0.922056571
0.8849714,0.944238708
0.9039476,0.944418794
0.90281665,0.96382005
0.9158896,0.989453005
0.9300942,0.996981513
0.93249923,0.998180391
