Pred_data,True_data
0.76046866,0.729470404
0.7833824,0.860814915
0.8349727,0.86899986
0.8812485,0.891860658
0.92524624,0.931837234
0.94390094,0.983929448
