Pred_data,True_data
0.7325256,0.728563239
0.73986185,0.764667883
0.75570244,0.791293609
0.7757992,0.812937631
0.7987907,0.84514578
0.820926,0.87073648
0.8422143,0.904041352
0.86586773,0.929796489
0.88713074,0.963320992
0.90967864,0.968593
