Pred_data,True_data
0.98539764,0.897957376
0.99409884,0.906713655
0.99850434,0.920056378
1.0075144,0.920653127
1.0146159,0.952236869
1.0312227,0.9637576549999999
