Pred_data,True_data
0.8755127,0.825805951
0.8854076,0.836204653
0.89566183,0.854376632
0.9123504,0.8903717339999999
0.9424943,0.935375812
0.9828599,0.940992106
1.0021913,0.9468505739999998
