Pred_data,True_data
0.7820276,0.789835361
0.78955984,0.79202271
0.7955279,0.801765391
0.8018523,0.802441837
0.8051519,0.819461251
0.8149974,0.824478561
0.82178897,0.833003313
0.8303179,0.83308358
0.8335185,0.834436601
0.83582747,0.837677989
0.83763295,0.853778604
0.84586096,0.865517808
0.855694,0.890855649
0.8727187,0.895271444
0.88300264,0.895935468
0.88901186,0.936378432
0.90708834,0.975232559
0.93247753,0.978248722
0.94925547,0.9858016750000002
0.9591988,0.987536361
0.9619373,0.99511791
