Pred_data,True_data
0.85021883,0.84113836
0.85673183,0.864111895
0.8703697,0.887081031
0.88649577,0.887934718
0.89466596,0.892720972
0.89995337,0.898057747
0.9035766,0.915797349
0.91369087,0.946877261
0.93203056,0.950664889
0.9416057,0.968351
0.9535874,0.975331647
0.96025753,0.992432013
0.9708806,0.9987969690000001
