Pred_data,True_data
0.901946,0.836429961
