Pred_data,True_data
0.78135777,0.785870219
0.7947794,0.862664389
0.81822276,0.911540604
