Pred_data,True_data
0.83246094,0.835939595
0.8586747,0.888656205
0.89785516,0.903549974
0.9072529,0.93779173
0.9346975,0.958525616
0.9465504,0.961853987
0.94716126,0.962592368
0.9475692,0.9985491959999999
