Pred_data,True_data
0.7090233,0.682290943
0.7265939,0.752450996
0.7604898,0.762773777
0.79872227,0.769894705
0.83226085,0.776498864
0.8414031,0.853971923
0.8718582,0.86927038
0.91255856,0.931225405
