Pred_data,True_data
0.51048493,0.511601362
0.5291443,0.522831567
0.5417582,0.541033016
0.5618797,0.549405718
0.5783438,0.584639677
0.60125464,0.586390543
0.62235117,0.591618283
0.64435357,0.622680248
0.6539513,0.690923297
0.6794385,0.714252201
0.71612096,0.740727127
0.75392705,0.883180495
0.7952122,0.896353601
