Pred_data,True_data
0.78457713,0.799136369
0.7895461,0.799672725
0.7947523,0.811968487
0.80212694,0.828061402
0.8093147,0.835892853
0.8200634,0.838785165
0.82860476,0.85090311
0.8346722,0.857116219
0.8406306,0.87979865
0.85135186,0.891652615
0.86283714,0.894372979
0.87480384,0.897694157
0.8803651,0.92472521
0.8878658,0.927577729
0.89770323,0.932859264
0.9081917,0.93337451
0.91068727,0.937907541
0.9133798,0.938307186
0.91489583,0.9733777749999999
0.923194,0.9929792820000001
