Pred_data,True_data
0.8047562,0.843090606
0.8308325,0.87672821
0.8551718,0.904268397
0.8812349,0.915899917
0.9043653,0.921204515
0.91910046,0.9804613030000001
