Pred_data,True_data
0.58468324,0.592471465
0.5952099,0.601920727
0.6075317,0.614514167
0.62185794,0.623283226
0.631688,0.62889176
0.639858,0.64443473
0.649469,0.687458361
0.6712224,0.703121602
0.69483316,0.708200845
0.71246314,0.711463176
0.7190881,0.725409258
0.7261357,0.774148985
0.74704236,0.801687108
0.77353495,0.808708016
0.7943893,0.881242695
0.8191547,0.928282244
0.8497169,0.9878978769999999
