Pred_data,True_data
0.8342102,0.809323187
0.83916473,0.812378898
0.8418336,0.837794724
0.84965634,0.862880793
0.8677257,0.865975674
0.8903778,0.874123633
0.9053786,0.880393943
0.9119644,0.886607548
0.92013025,0.890112841
0.92673147,0.896599178
0.93308896,0.896807117
0.93777865,0.899711973
0.94186264,0.921990385
0.94958127,0.930724342
0.9637441,0.958456171
0.9870038,0.96613392
1.0068632,0.975893576
1.027862,0.983899641
1.038957,0.985886063
