Pred_data,True_data
0.83867526,0.876080174
0.85441095,0.877846428
0.86487615,0.900903358
0.875415,0.902012995
0.88167554,0.90534865
0.8873495,0.9217378
0.8934998,0.924690226
0.8988691,0.927129318
0.90328646,0.9456502010000001
0.90989155,0.950361472
0.91579646,0.970429528
0.9257772,0.978191258
0.93306565,0.990242994
