Pred_data,True_data
0.80308014,0.780576599
0.8100831,0.811689668
0.8180313,0.835313401
0.8361412,0.843630224
0.8622652,0.855007432
0.8794921,0.88648361
0.8902029,0.891048759
0.9059146,0.891674977
0.9251118,0.911023773
0.92938143,0.914876736
0.9352474,0.915948582
0.94713837,0.929463887
0.95058215,0.952194683
0.9564282,0.9620326780000001
0.9704198,0.9835086350000001
0.9866963,0.9881668529999998
0.9976125,0.9992430160000001
