Pred_data,True_data
0.7848102,0.799672732
0.79319423,0.800447593
0.8011844,0.801024062
0.80972457,0.805362297
0.8107621,0.825589807
0.8146432,0.82992405
0.82289463,0.851969334
0.8358312,0.890954177
0.848154,0.89732252
0.8690414,0.89942474
0.8878191,0.916724091
0.8928411,0.918515802
0.89830625,0.919579803
0.90615946,0.92870336
0.9080743,0.932981698
0.91120005,0.986425711
0.9211327,0.990645293
0.93600315,0.99265689
0.958408,0.996375327
