Pred_data,True_data
0.7606578,0.75066507
0.77009064,0.773430677
0.7835519,0.780813162
0.7982917,0.78870244
0.809815,0.795651161
0.8168818,0.800781061
0.8231786,0.80498696
0.8282388,0.810595738
0.83274144,0.863709045
0.8513296,0.889685351
0.8783485,0.896967757
0.9039117,0.908807864
0.91683567,0.968866448
