Pred_data,True_data
0.88176376,0.859690934
0.90149933,0.879571741
0.921311,0.904822578
0.9453649,0.9523073339999999
0.9786438,0.980723132
