Pred_data,True_data
0.77008617,0.752792105
0.77726775,0.782760383
0.7888281,0.798577373
0.8045703,0.800401838
0.822235,0.823705513
0.83497596,0.824998798
0.84463274,0.827644804
0.85444164,0.839930246
0.85909134,0.845707725
0.8660621,0.884065299
0.88246834,0.887626939
0.8992441,0.908699919
0.9195828,0.909534778
0.9284327,0.916183558
0.93781966,0.923754953
0.9422431,0.934794982
0.94982916,0.974614777
