Pred_data,True_data
0.8484329,0.867229848
0.8468302,0.891973387
0.8653032,0.892745451
0.86353236,0.953071666
0.9036683,0.979686727
0.9118545,0.985579407
0.9090817,0.9933001250000001
