Pred_data,True_data
0.88477373,0.886064375
0.89151,0.898036775
0.8954452,0.904073495
0.90220916,0.904190249
0.90868026,0.910928159
0.9122863,0.922986496
0.91684854,0.923522121
0.9233296,0.923655676
0.927983,0.939464782
0.931242,0.952011491
0.9386951,0.9604926660000002
0.94999295,0.979313118
0.9606642,0.9798272619999999
0.9695673,0.9843929540000002
0.9772481,0.989703858
0.97977483,0.990973891
0.9832136,0.99267472
