Pred_data,True_data
0.7204201,0.707631898
0.7246636,0.718226791
0.7325275,0.719562263
0.7354637,0.727955414
0.7427323,0.750447658
0.7588003,0.764175016
0.77144235,0.787501415
0.79063547,0.796425456
0.80033755,0.833777963
0.8268134,0.851749888
0.84225386,0.859976332
0.8523517,0.86439091
0.8571838,0.868309486
0.86049753,0.9516879820000002
0.90696746,0.953045826
