Pred_data,True_data
0.7686208,0.743162343
0.77935815,0.747502917
0.78651845,0.758307997
0.7967063,0.817757962
0.8300527,0.821885502
0.8511367,0.871522693
0.8899827,0.889114632
0.9124893,0.906137986
0.93443394,0.917704778
0.9470294,0.952371184
