Pred_data,True_data
0.8495036,0.773297902
0.8594051,0.777955348
0.8632189,0.828495319
0.88243896,0.834560397
0.9087444,0.840077011
0.9343868,0.956053168
0.9750981,0.966728798
1.0287529,0.9872805169999999
