Pred_data,True_data
0.9363943,0.914763831
0.95012987,0.971197421
0.968917,0.9983500279999998
