Pred_data,True_data
0.87287235,0.862125946
0.8801646,0.863707769
0.8850477,0.933702131
0.90646285,0.94426847
0.9308801,0.959186123
0.9572594,0.984582606
0.97057116,0.984633828
0.9817588,0.9854302209999999
