Pred_data,True_data
0.78514194,0.814494652
0.8068574,0.826551607
0.8258254,0.889950841
0.8505283,0.906903796
0.8754032,0.9595414470000001
