Pred_data,True_data
0.81252325,0.8716066619999999
0.8535077,0.970710732
0.9090003,0.976457959
0.9255926,0.976551707
