Pred_data,True_data
0.7644697,0.889914964
0.788654,0.896914412
0.8181113,0.901623532
0.8234027,0.948677598
0.8317193,0.949532517
0.8418994,0.956251357
0.85430527,0.9868063270000001
