Pred_data,True_data
0.8152139,0.819040802
0.8212228,0.83003245
0.8306484,0.830873109
0.8303212,0.849265559
0.84643054,0.860137246
0.85230076,0.861540682
0.8531072,0.904745655
0.8871366,0.927464827
0.89717007,0.9506836280000001
0.9133409,0.958028046
0.91551703,0.981232188
0.93210936,0.9814824019999999
0.9276946,0.9852313629999999
