Pred_data,True_data
0.8246133,0.855967429
0.8373134,0.902575646
0.8603524,0.924237306
0.88587034,0.9860059289999998
0.9191182,0.9990095170000001
